{
  "lang":"en",
  "name":"pipeline",
  "version":"0.0.0",
  "spacy_version":">=3.4.2,<3.5.0",
  "description":"",
  "author":"",
  "email":"",
  "url":"",
  "license":"",
  "spacy_git_version":"3d0e89536",
  "vectors":{
    "width":0,
    "vectors":0,
    "keys":0,
    "name":null,
    "mode":"default"
  },
  "labels":{
    "tok2vec":[

    ],
    "ner":[
      "B-DES",
      "B-EMAIL",
      "B-NAME",
      "B-ORG",
      "B-PHOE",
      "B-PHONE",
      "B-WEB",
      "DES",
      "EMAIL",
      "I-DE",
      "I-DES",
      "I-EMAIL",
      "I-NAME",
      "I-OR",
      "I-ORG",
      "I-PHONE",
      "I-WEB",
      "NAME",
      "ORG",
      "PHONE",
      "WEB"
    ]
  },
  "pipeline":[
    "tok2vec",
    "ner"
  ],
  "components":[
    "tok2vec",
    "ner"
  ],
  "disabled":[

  ],
  "performance":{
    "ents_f":0.6289308176,
    "ents_p":0.7389162562,
    "ents_r":0.5474452555,
    "ents_per_type":{
      "B-NAME":{
        "p":1.0,
        "r":0.4761904762,
        "f":0.6451612903
      },
      "B-EMAIL":{
        "p":1.0,
        "r":0.8333333333,
        "f":0.9090909091
      },
      "B-WEB":{
        "p":0.8181818182,
        "r":0.8181818182,
        "f":0.8181818182
      },
      "I-ORG":{
        "p":0.652173913,
        "r":0.5882352941,
        "f":0.618556701
      },
      "B-ORG":{
        "p":0.6666666667,
        "r":0.2307692308,
        "f":0.3428571429
      },
      "I-NAME":{
        "p":0.7777777778,
        "r":0.5,
        "f":0.6086956522
      },
      "I-DES":{
        "p":0.4615384615,
        "r":0.3529411765,
        "f":0.4
      },
      "B-DES":{
        "p":0.5714285714,
        "r":0.5714285714,
        "f":0.5714285714
      },
      "B-PHONE":{
        "p":0.7272727273,
        "r":0.6666666667,
        "f":0.6956521739
      },
      "I-PHONE":{
        "p":0.8620689655,
        "r":0.625,
        "f":0.7246376812
      },
      "EMAIL":{
        "p":0.0,
        "r":0.0,
        "f":0.0
      },
      "ORG":{
        "p":0.0,
        "r":0.0,
        "f":0.0
      },
      "I-WEB":{
        "p":0.3333333333,
        "r":1.0,
        "f":0.5
      },
      "I-EMAIL":{
        "p":1.0,
        "r":0.2857142857,
        "f":0.4444444444
      },
      "NAME":{
        "p":0.0,
        "r":0.0,
        "f":0.0
      }
    },
    "tok2vec_loss":372.3853306612,
    "ner_loss":420.0038496321
  }
}