{
  "lang":"en",
  "name":"pipeline",
  "version":"0.0.0",
  "spacy_version":">=3.4.2,<3.5.0",
  "description":"",
  "author":"",
  "email":"",
  "url":"",
  "license":"",
  "spacy_git_version":"3d0e89536",
  "vectors":{
    "width":0,
    "vectors":0,
    "keys":0,
    "name":null,
    "mode":"default"
  },
  "labels":{
    "tok2vec":[

    ],
    "ner":[
      "B-DES",
      "B-EMAIL",
      "B-NAME",
      "B-ORG",
      "B-PHOE",
      "B-PHONE",
      "B-WEB",
      "DES",
      "EMAIL",
      "I-DE",
      "I-DES",
      "I-EMAIL",
      "I-NAME",
      "I-OR",
      "I-ORG",
      "I-PHONE",
      "I-WEB",
      "NAME",
      "ORG",
      "PHONE",
      "WEB"
    ]
  },
  "pipeline":[
    "tok2vec",
    "ner"
  ],
  "components":[
    "tok2vec",
    "ner"
  ],
  "disabled":[

  ],
  "performance":{
    "ents_f":0.632231405,
    "ents_p":0.7285714286,
    "ents_r":0.5583941606,
    "ents_per_type":{
      "B-NAME":{
        "p":0.8181818182,
        "r":0.4285714286,
        "f":0.5625
      },
      "B-EMAIL":{
        "p":0.9375,
        "r":0.8333333333,
        "f":0.8823529412
      },
      "B-WEB":{
        "p":0.7777777778,
        "r":0.6363636364,
        "f":0.7
      },
      "I-ORG":{
        "p":0.8,
        "r":0.5490196078,
        "f":0.6511627907
      },
      "B-ORG":{
        "p":0.4666666667,
        "r":0.2692307692,
        "f":0.3414634146
      },
      "I-NAME":{
        "p":0.75,
        "r":0.5357142857,
        "f":0.625
      },
      "I-DES":{
        "p":0.4210526316,
        "r":0.4705882353,
        "f":0.4444444444
      },
      "B-DES":{
        "p":0.5384615385,
        "r":0.5,
        "f":0.5185185185
      },
      "B-PHONE":{
        "p":0.7368421053,
        "r":0.7777777778,
        "f":0.7567567568
      },
      "I-PHONE":{
        "p":0.8928571429,
        "r":0.625,
        "f":0.7352941176
      },
      "EMAIL":{
        "p":0.0,
        "r":0.0,
        "f":0.0
      },
      "ORG":{
        "p":0.0,
        "r":0.0,
        "f":0.0
      },
      "I-EMAIL":{
        "p":0.8,
        "r":0.5714285714,
        "f":0.6666666667
      },
      "WEB":{
        "p":0.0,
        "r":0.0,
        "f":0.0
      },
      "I-WEB":{
        "p":0.0,
        "r":0.0,
        "f":0.0
      },
      "NAME":{
        "p":0.0,
        "r":0.0,
        "f":0.0
      }
    },
    "tok2vec_loss":605.7321573741,
    "ner_loss":528.9292654507
  }
}